sum_iterative_nif (Run Time Measurements),sum_iterative_nif (Memory Usage Measurements),sum_recursive2 (Run Time Measurements),sum_recursive2 (Memory Usage Measurements),sum_port (Run Time Measurements),sum_port (Memory Usage Measurements),sum_recursive (Run Time Measurements),sum_recursive (Memory Usage Measurements),sum_iterative (Run Time Measurements),sum_iterative (Memory Usage Measurements)
2838335,16,4363322,0,4204434,416,53999913,0,13329117,56
2847132,16,4437172,0,8022962,416,17653887,0,12835069,56
2832004,16,4352072,0,3975684,416,9666753,0,13653507,56
2832304,16,4370946,0,7956868,416,11519095,0,15024524,56
2835039,16,4368723,0,3884402,416,12419517,0,13689224,56
2836102,16,4409299,0,8128160,416,12569329,0,13106348,56
2846201,16,4364916,0,4199976,416,12898618,0,15401943,56
2825983,16,4368011,0,8152174,416,13007172,0,13480782,56
2841792,16,4368623,0,4117170,416,9316514,0,13029203,56
2838105,16,4583837,0,7659609,416,13521549,0,12862851,56
2832304,16,4381767,0,10100408,416,16118722,0,12645492,56
2846511,16,4426962,0,4758665,416,13247293,0,12796276,56
2839658,16,4467839,0,10192751,416,9054221,0,12789282,56
2838436,16,4396464,0,4362471,416,12010608,0,12797748,56
2834318,16,4369745,0,3810644,416,12454453,0,12646384,56
2833336,16,4364285,0,8768404,416,10687711,0,12804101,56
2835510,16,4425088,0,7980191,416,9105056,0,12867249,56
2841361,16,4368282,0,9188233,416,10370906,0,12840870,56
2841271,16,4372961,0,6962910,416,8115126,0,12869433,56
2843465,16,4365697,0,9552567,416,11839166,0,13125966,56
2829099,16,4432362,0,5708751,416,12481463,0,13022030,56
2835711,16,4364154,0,10518373,416,16561945,0,13013203,56
2844737,16,4357862,0,10642257,416,13365916,0,12777821,56
3527582,16,4361900,0,10647285,416,12959883,0,13800674,56
3706769,16,4431901,0,9733598,416,11781658,0,15334938,56
4411533,16,4360658,0,9229701,416,13022802,0,14415520,56
4430469,16,4357472,0,9582384,416,8269596,0,13844566,56
3437332,16,4369464,0,9356088,416,10277560,0,13075120,56
2871348,16,4417894,0,9363913,416,11865325,0,13187952,56
2831503,16,4356860,0,7221506,416,12068337,0,13058809,56
2833427,16,4362461,0,8559811,416,11849996,0,13441458,56
2838717,16,4539584,0,4135635,416,11541125,0,13248195,56
2831963,16,4408717,0,8981344,416,11085911,0,13246772,56
2844978,16,4354526,0,9375846,416,13294192,0,12684265,56
2867621,16,4349646,0,9563358,416,11434586,0,13071904,56
2903308,16,4408968,0,9355387,416,10866778,0,13884441,56
3591361,16,4360157,0,9410851,416,9764736,,13152024,56
4425679,16,4356109,0,9680007,416,11484320,,13642405,56
3548100,16,4356039,0,9600097,416,11298450,,12660180,56
2870727,16,4389943,0,9765468,416,11316574,,13308599,56
2868863,16,4356680,0,4112541,416,13099616,,13068026,56
2835730,16,4361449,0,8774946,416,10748706,,13235261,56
2832615,16,4361870,0,4451097,416,9242193,,12654809,56
2837274,16,4490281,0,4483038,416,10639802,,13216847,56
2838606,16,4368091,0,9374172,416,8658828,,13039763,56
5776058,16,4437001,0,4767662,416,11548389,,13490621,56
2838045,16,4638920,0,8012723,416,8966467,,13091050,56
2837855,16,4504308,0,4104356,416,11011801,,13261110,56
2830501,16,4386686,0,8041917,416,9264726,,13155992,56
2839538,16,4367701,0,4263956,416,12405651,,14085129,56
2866919,16,4463621,0,8498035,416,13059700,,13502613,56
2829389,16,4370807,0,4247995,416,11076162,,13132067,56
2843376,16,4353905,0,3706559,416,11798109,,13129292,56
2836653,16,4360217,0,8119303,416,11523193,,13075541,56
2836272,16,4441630,0,3897787,416,13203962,,13207468,56
2825883,16,4382459,0,8393920,416,12418285,,13206236,56
2859826,16,4370787,0,3949595,416,8092263,,13135563,56
2836903,16,4351862,0,8146555,416,12346900,,12690106,56
2840350,16,4406924,0,8219662,416,8053630,,13157735,56
2834979,16,4369774,0,4447842,416,8228739,,13228298,56
2841361,16,4368232,0,3865718,416,8184656,,13569779,56
2825902,16,4349207,0,3631757,416,8982366,,13098033,56
2851280,16,4369404,0,8079619,416,10071814,,12860887,56
2847894,16,4355808,0,3992615,416,8044993,,13077324,56
2836803,16,4366699,0,3691079,416,9015728,,13144129,56
2829288,16,4364945,0,8213541,416,8878801,,13119883,56
2839778,16,4364033,0,3687222,416,11408146,,13508925,56
2864545,16,4368352,0,8427753,416,10276869,,12818547,56
2837554,16,4355448,0,3997465,416,8446358,,13429556,56
2849287,16,4367841,0,4609656,416,8081231,,13326231,56
2850498,16,4364504,0,8463440,416,8287740,,13171791,56
2833506,16,4356419,0,4318469,416,8067425,,13201137,56
2833026,16,4361279,0,8208952,416,8575371,,13093885,56
2852402,16,4371408,0,4058569,416,8896104,,13087263,56
2842203,16,4361288,0,8228198,416,10835019,,13117399,56
2830762,16,4368432,0,4230984,416,9884141,,15020928,56
2849005,16,4363232,0,8238137,416,11246743,,13144210,56
2836211,16,4362130,0,4086241,416,10784353,,12850016,56
2838416,16,4357371,0,4679557,416,8366708,,13227596,56
2854677,16,4369845,0,8498837,416,9123400,,13134481,56
2841621,16,4361088,0,3655632,416,10662374,,15824608,56
2833356,16,4407235,0,3647046,416,8635002,,17904689,56
2831964,16,4441340,0,3837003,416,12491693,,15516679,56
2835240,16,4434056,0,4569260,416,10345519,,17184625,56
2840410,16,4453983,0,3712169,416,8065863,,13069961,56
2866088,16,4517903,0,4049212,416,9757182,,12991994,56
2829329,16,4414809,0,10031178,416,10781228,,12822185,56
2834789,16,4412856,0,4264877,416,11023663,,12971355,56
2838315,16,4511811,0,9194495,416,8356529,,12955135,56
2833446,16,4454344,0,4897978,416,8147537,,13051084,56
2835570,16,4450076,0,5433054,416,8200997,,12787078,56
2857191,16,4416483,0,9827224,416,8783682,,12733227,56
2835080,16,4505861,0,9305974,416,11401613,,12968559,56
2838586,16,4421672,0,6538692,416,15172412,,12987315,56
2843375,16,4424076,0,5214493,416,12674266,,12952920,56
2834939,16,4383571,0,9750460,416,13482045,,12937391,56
2848064,16,4409490,0,3899540,416,12984660,,12974160,56
2850008,16,4380715,0,6023434,416,12368792,,13578255,56
2835580,16,4372930,0,9464412,416,13203391,,14569579,56
2828998,16,4384412,0,4923045,416,9023423,,14327594,56
2840520,16,4410802,0,9229430,416,10176852,,14166812,56
2838636,16,4364345,0,4035587,416,8101230,,13694995,56
2867451,16,4396425,0,6061013,416,9848755,,14078707,56
3053871,16,4494429,0,9985632,416,10551907,,13195926,56
4070091,16,4375847,0,4373541,416,9032539,,13620966,56
4479621,16,4350238,0,6048090,416,9901564,,12822895,56
3195407,16,4355257,0,4533843,416,13142166,,13717557,56
2876808,16,4409470,0,4522742,416,9149379,,13661963,56
2844988,16,4368913,0,4465164,416,10263815,,12783291,56
2825873,16,4372540,0,4511481,416,8182723,,12803279,56
2843295,16,4354647,0,3762082,416,8053109,,12842713,56
2836131,16,4412364,0,5236814,416,8372860,,12649179,56
2832766,16,4361659,0,4482426,416,8482596,,12882878,56
2870787,16,4362090,0,4495231,416,9561956,,12784593,56
2836292,16,4361479,0,4483579,416,11422242,,12758455,56
2836453,16,4417474,0,4180158,416,13397356,,12727356,56
2828658,16,4351761,0,9222197,416,14653056,,13042238,56
2830261,16,4348395,0,10308919,416,11642296,,12856519,56
2840810,16,4350658,0,4616899,416,10387928,,12766269,56
2866699,16,4498867,0,9350578,416,8069530,,12689785,56
2829479,16,4359325,0,9458049,416,11701207,,12760638,56
2846992,16,4380625,0,10438133,416,8063038,,12829779,56
2839848,16,4418647,0,10419768,416,8310042,,14161552,56
2829168,16,4366278,0,10744658,416,8123501,,13084698,56
2835089,16,4366048,0,11025677,416,8957388,,12692380,56
2861619,16,4372750,0,10397065,416,9897185,,12772701,56
2838036,16,4404079,0,4652666,416,13192270,,12745570,56
2840981,16,4452941,0,8764255,416,12723969,,12762803,56
2891155,16,4437913,0,10681931,416,9892657,,12770236,56
2883711,16,4420220,0,10618121,416,12389511,,12644881,56
2877289,16,4370686,0,10322775,416,8309571,,12809520,56
2898809,16,4355629,0,10424347,416,8063418,,12859635,56
2859646,16,4368433,0,10414888,416,8308028,,12990200,56
2830501,16,4375125,0,5812427,416,8062746,,12837292,56
2834949,16,4374774,0,8111028,416,8944975,,12880143,56
4227487,16,4349367,0,8743817,416,9893097,,12761641,56
2859917,16,4351249,0,10231905,416,12470624,,12757963,56
2836583,16,4364385,0,10439045,416,12857020,,12871988,56
2832305,16,4371608,0,10564910,416,8494268,,12907705,56
2837815,16,4352072,0,10580170,416,13727646,,12873461,56
2836783,16,4370576,0,10844126,416,14338144,,12787549,56
2833276,16,4365156,0,10657314,416,12729871,,12648498,56
2849035,16,4358965,0,10565321,416,11923054,,13047628,56
2840580,16,4355498,0,10386506,416,11821723,,12937281,56
2833767,16,4357702,0,10707369,416,11114082,,12994839,56
2831593,16,4363743,0,10540134,416,8992104,,12828005,56
2848695,16,4351570,0,4931852,416,11506852,,12741142,56
2841141,16,4352492,0,6182512,416,13128711,,12886175,56
2856931,16,4356359,0,4948823,416,11039162,,12828165,56
2829599,16,4454805,0,4529385,416,10033482,,12764286,56
2830561,16,4545365,0,4761301,416,8286517,,12753525,56
2839678,16,4418836,0,4668386,416,8045104,,12752083,56
2829169,16,4414900,0,3955436,416,8284434,,12748485,56
2854557,16,4411103,0,5045766,416,8046386,,12794763,
2848616,16,4366319,0,4715855,416,8539143,,12904910,
2843035,16,4404560,0,4687441,416,9033121,,12766159,
2835060,16,4383902,0,4744720,416,10978358,,19039162,
2834148,16,4368002,0,4772713,416,8761270,,16887576,
2831092,16,4363413,0,4749287,416,10070271,,15372158,
2852372,16,4366729,0,4816404,416,13243266,,13682692,
2837204,16,4377078,0,4649421,416,8898668,,13240620,
2842093,16,4363082,0,4572195,416,10602141,,13109765,
2838385,16,4356349,0,4533904,416,8511962,,13092021,
2835390,16,4367761,0,4781058,416,9008545,,12994428,
2836883,16,4481995,0,4777201,416,10693984,,13091090,
2863463,16,4368071,0,4457730,416,8657195,,13084968,
2840369,16,4362681,0,3982698,416,10179977,,13253125,
2847222,16,4424798,0,5781718,416,12795744,,12774315,
2836652,16,4428565,0,4846591,416,8071574,,12752834,
2833175,16,4355247,0,5468290,416,8226866,,12843504,
2832175,16,4358344,0,4816284,416,8483028,,12898328,
2861149,16,4384993,0,4466085,416,9556655,,12825791,
2835189,16,4353384,0,4625305,416,11330521,,12734329,
2832304,16,4361299,0,4476175,416,10916222,,15965954,
2850859,16,4361078,0,4616969,416,8945186,,17225892,
2835210,16,4355919,0,9843485,416,10515708,,13991863,
2829098,16,4351480,0,4375576,416,8708662,,13303760,
2856079,16,4357672,0,9725052,416,9196208,,12868371,
2832605,16,4361699,0,3884783,416,11674897,,13079889,
2832394,16,4363472,0,9475372,416,10521339,,12660129,
2829759,16,4356890,0,3907637,416,8321002,,13241622,
2835050,16,4362071,0,9084127,416,9038301,,12783831,
2838476,16,4368341,0,4167364,416,10337052,,12769645,
2858274,16,4365877,0,6044693,416,8813880,,12670889,
2832675,16,4364345,0,5158558,416,9066995,,12750219,
2838997,16,4349937,0,4653779,416,11189815,,12899770,
2836642,16,4357271,0,4689957,416,9602762,,12919607,
2838215,16,4347533,0,4755259,416,11737806,,12692701,
2843535,16,4350298,0,4645123,416,12185908,,12795734,
2859355,16,4362050,0,4733518,416,14113832,,13112470,
2829279,16,4366569,0,4568268,416,15269334,,12948482,
2835921,16,4351461,0,4554743,416,12469521,,12814470,
2837534,16,4352132,0,6375034,416,10371918,,12714953,
2838026,16,4370556,0,9408557,416,12870184,,12817966,
2849606,16,4364214,0,4831583,416,8175258,,12773953,
2849376,16,4350479,0,9898047,416,8327685,,13127017,
2836632,16,4350138,0,5168096,416,8542428,,12766550,
2843255,16,4360036,0,9819329,416,9464212,,14114173,
2847182,16,4359375,0,4993427,416,11134762,,14574729,
2842133,16,4349456,0,9590589,416,10151403,,15658607,
2869014,16,4362962,0,5089027,416,8307828,,13960144,
2877619,16,4355137,0,9621417,416,8066764,,14304541,
2888701,16,4359085,0,9017512,416,8603814,,13821182,
2875796,16,4355928,0,10333606,416,8821173,,13372709,
2829149,16,4383460,0,4663687,416,11203812,,13947749,
2848554,16,4362481,0,9187311,416,8921562,,13253545,
2866569,16,4371538,0,3967568,416,10328456,,13802106,
2838516,16,4388240,0,9043741,416,13042688,,12816143,
2833016,16,4355578,0,3925940,416,9499058,,13563448,
2837334,16,4370126,0,9323207,416,11587043,,13383950,
2833066,16,4757113,0,6309521,416,13549422,,13794803,
2844657,16,4356058,0,4716046,416,9832604,,13373410,
2897787,16,4359436,0,4541468,416,12637818,,13423174,
2857542,16,4376307,0,6784824,416,14617689,,13549131,
2834339,16,4358293,0,4677804,416,13228799,,13641414,
2833206,16,4357341,0,4363974,416,11221856,,14209732,
2836432,16,4519406,0,4482878,416,10042970,,13244268,
2835921,16,4433194,0,4794102,416,8487566,,13828456,
2955786,16,4544353,0,4821925,416,8049131,,13010408,
2879874,16,4503106,0,4752946,416,13377759,,13706827,
2841441,16,4435739,0,4821524,416,12183974,,13484830,
2838877,16,4703612,0,4555123,416,9970363,,13757463,
2829128,16,4584788,0,6276569,416,8202820,,13401763,
2843876,16,4663116,0,4947521,416,8414699,,13213840,
2876277,16,4565062,0,4829388,416,8304251,,16739508,
2829579,16,4451248,0,4496272,416,8291928,,13104124,
2837644,16,4367200,0,4257734,416,9352992,,13825150,
2836272,16,4359816,0,4276980,416,10923816,,15195847,
2832094,16,4388390,0,4429757,416,9334619,,13748927,
2829098,16,4396034,0,4631868,416,13479751,,13330880,
2855759,16,4466527,0,4602613,416,9989960,,16355998,
2831212,16,4364244,0,4464954,416,10821844,,13561944,
2845209,16,4400071,0,4475633,416,9748516,,14750228,
2833065,16,4364946,0,4466206,416,11213450,,21405921,
2847664,16,4357752,0,4473029,416,10366938,,12795615,
2840290,16,4363503,0,4283192,416,13106810,,13883018,
2850679,16,4416903,0,4260700,416,13055633,,14843584,
2840349,16,4365136,0,4407866,416,10923636,,13289513,
2838586,16,4371598,0,3901233,416,9906543,,13956066,
2829169,16,4376848,0,4544403,416,12056304,,12925588,
2841141,16,4415251,0,4224461,416,11970422,,13916602,
2880876,16,4357191,0,4512202,416,13023131,,13490391,
2898699,16,4349747,0,4229792,416,11627258,,13175429,
2882248,16,4364134,0,4308449,416,10858313,,12773413,
2905071,16,4399160,0,4275989,416,11766339,,12725172,
2871678,16,4345699,0,3598685,416,12670769,,12686228,
2829099,16,4356479,0,4255109,416,12156944,,13714753,
2853053,16,4376708,0,3742776,416,12385724,,17532269,
2833356,16,4378731,0,4216647,416,10196499,,13381205,
2888139,16,4369644,0,4484239,416,11839536,,12881265,
2914148,16,4368442,0,4103474,416,10252553,,12668235,
2877329,16,4395173,0,9013926,416,8186961,,12641455,
2854516,16,4353664,0,4965815,416,8056845,,12688283,
2915961,16,4346510,0,8721285,416,8564551,,12642075,
2862270,16,4346150,0,5166673,416,8890102,,12638148,
2849667,16,4381397,0,10225623,416,10539493,,12667404,
2948182,16,4369404,0,3724992,416,11111869,,12674156,
2907676,16,4350528,0,9572846,416,13048550,,12636605,
2846922,16,4365747,0,3759477,416,8314630,,12637527,
2879984,16,4391877,0,9052647,416,8817175,,12651484,
2829098,16,4352342,0,3923386,416,10235701,,12646384,
2835239,16,4358444,0,9293782,416,8267202,,12654800,
2832535,16,4366027,0,4104657,416,8056004,,12638188,
2838677,16,4402075,0,9189595,416,8329829,,12653146,
2835079,16,4363202,0,3900883,416,8342483,,12658246,
2835560,16,4378331,0,6565502,416,9367720,,12645392,
2841010,16,4362220,0,4209283,416,10930990,,16338655,
2840349,16,4353194,0,4378190,416,9782079,,13891515,
2834870,16,4403428,0,4581052,416,11883700,,13088435,
2842083,16,4415160,0,4623451,416,11682051,,13197370,
2835320,16,4379022,0,4347543,416,11934656,,12817115,
2829088,16,4416803,0,3766310,416,11382568,,12668214,
2996534,16,4498597,0,4897477,416,10456918,,12996422,
2839307,16,4700636,0,4420019,416,8270738,,12923745,
2829098,16,4686701,0,4432092,416,8460885,,12669387,
2847703,16,4632749,0,4377620,416,9510589,,12792609,
2835952,16,4515819,0,4530086,416,11292047,,12808498,
2830060,16,4393319,0,6404540,416,10539102,,12776458,
2841402,16,4419528,0,4797189,416,8768915,,12666912,
2835250,16,4412516,0,5032921,416,9483948,,12788701,
2834609,16,4395153,0,4790976,416,11955505,,12898167,
2841401,16,4365216,0,4529665,416,11846610,,12808329,
2835219,16,4350789,0,4022211,416,11228118,,12638198,
2836813,16,4356460,0,3823237,416,10358703,,12778853,
2838276,16,4363482,0,9544593,416,9905611,,12779884,
2835180,16,4369995,0,4941258,416,10952940,,12802397,
2833937,16,4353474,0,5556977,416,11194575,,13905581,
2837023,16,4347532,0,8034714,416,11497724,,12747724,
2841392,16,4358023,0,3850989,416,8040225,,12941388,
2834088,16,4341061,0,8117160,416,12994187,,12907385,
2835851,16,4362050,0,4571543,416,9060743,,12905501,
2829088,16,4355568,0,3852362,416,10492676,,12703411,
2835771,16,4352853,0,5078116,416,10805503,,12831522,
2841982,16,4370025,0,9291577,416,12033041,,12818247,
2840720,16,4341191,0,5012252,416,12400141,,13121718,
2833026,16,4346030,0,8702770,416,8276288,,12889681,
2839308,16,4354076,0,4223820,416,8035976,,12690507,
2839257,16,4352062,0,8645352,416,8298260,,13955255,
2833015,16,4342052,0,4017672,416,8040595,,12664568,
2847493,16,4353254,0,8204203,416,13135804,,12686739,
2835641,16,4354106,0,3646505,416,9736213,,12664898,
2832515,16,4353103,0,8217568,416,12193362,,12657996,
2839027,16,4345679,0,4119634,416,8355397,,12686580,
2834609,16,4341311,0,8782470,416,8048431,,12687952,
2832946,16,4346631,0,4142508,416,8324849,,12677603,
2832846,16,4345709,0,8499939,416,8048861,,17466024,
2834950,16,4339718,0,3996453,416,10389130,,17110636,
2839027,16,4343405,0,8129432,416,11377699,,14999618,
2842594,16,4345769,0,3751503,416,16333434,,12938883,
2830421,16,4348134,0,8085400,416,12633439,,13231995,
2839267,16,4340029,0,8489349,416,13371076,,12950715,
2842203,16,4360698,0,5311826,416,12999467,,12724861,
2829098,16,4348644,0,8308068,416,9862521,,12711306,
2847213,16,4352482,0,3714343,416,13668525,,12714382,
2839869,16,4355779,0,7820381,416,9805633,,12699955,
2838597,16,4365576,0,3994710,416,12975372,,12669537,
2825883,16,4345719,0,8287941,416,8157736,,12849706,
2835481,16,4354396,0,4129063,416,13346170,,12678083,
2833166,16,4351831,0,8336933,416,9540234,,12779443,
2841351,16,4358283,0,3920861,416,11571052,,12641294,
2832374,16,4349727,0,7960254,416,12246792,,12685287,
2833486,16,4343185,0,3781469,416,11368492,,12745821,
2835310,16,4345779,0,8140984,416,10900241,,13406903,
2835610,16,4356900,0,3939535,416,9722667,,16970773,
2842644,16,4347873,0,8095379,416,12276148,,13890002,
2849437,16,4359225,0,8736754,416,11681079,,13750951,
2879503,16,4352061,0,9429647,416,12274555,,12844677,
2855468,16,4346110,0,4051526,,12284844,,12678113,
2855127,16,4350639,0,9783582,,12336651,,12676621,
2832304,16,4345910,0,4189556,,12760579,,12684175,
2840801,16,4363032,0,9791928,,11270057,,12718599,
2837634,16,4344276,0,3809922,,13428874,,12683373,
2837684,16,4344668,0,9280356,,9955034,,12771088,
2832305,16,4346060,0,3905351,,11866388,,12862550,
2847403,16,4352221,0,9246803,,12922613,,12662104,
2835891,16,4344287,0,4060213,,8131576,,12819549,
2829088,16,4342423,0,9367009,,8438093,,12634652,
2847493,16,4357391,0,4259537,,10881035,,12632297,
2835841,16,4348465,0,3963510,,12437501,,12700466,
2838647,16,4343045,0,9476866,,8261331,,12764436,
2835731,16,4350859,0,10671210,,8064179,,12678915,
2834579,16,4351971,0,4790936,,8216817,,12630364,
2836221,16,4809422,0,9710303,,8049512,,12669788,
2829098,16,5042269,0,3866508,,8387447,,12657144,
2835440,16,5072586,0,9359775,,8520478,,12706446,
2923225,16,4764918,0,8065743,,9866217,,12672103,
2836071,16,4574399,0,4574950,,11997084,,12671370,
2832304,16,4681901,0,9402906,,11941589,,12684606,
2842323,16,4808409,0,10027601,,12420319,,12690226,
2841762,16,4722909,0,10603503,,12755238,,12718339,
2839297,16,5164017,0,10552057,,8061685,,12718049,
2835891,16,4731485,0,10633760,,8354545,,12709512,
2840018,16,4826613,0,10537449,,8485121,,12701638,
2829700,16,5044092,0,10721946,,9667715,,12702499,
2825883,16,4771740,0,10658887,,11520297,,12711156,
2836562,16,4650974,0,9504067,,10983288,,12720954,
2830481,16,4828828,0,10197390,,13548740,,12721184,
2841371,16,4827235,0,10113593,,13292258,,12696428,
2846832,16,4641625,0,4756432,,8053079,,12801986,
2834649,16,4698643,0,9538532,,8307307,,12893488,
2830421,16,5049281,0,4016681,,8322044,,12697480,
2835721,16,4871989,0,9795274,,9225122,,12699884,
2836132,16,4763545,0,3932382,,10788381,,12703681,
2842674,16,4899280,0,8999768,,8968299,,12707539,
2835660,16,4929457,0,4180018,,10698111,,12704532,
2838446,16,4792760,0,9120786,,8405341,,12691378,
2832635,16,4677573,0,10227115,,9553048,,12730723,
2830420,16,4666252,0,10529544,,11201468,,12678164,
2846882,16,4695718,0,10326923,,10417384,,12739769,
3657205,16,4648889,0,10737485,,8180818,,12686739,
4164590,16,4491283,0,10902094,,8099045,,12692431,
4358644,16,4471797,0,10672974,,8379322,,12741362,
4125666,16,4671542,0,10766860,,8862240,,12744007,
3059131,16,4480372,0,10871548,,10559890,,12707429,
2979201,16,4441128,0,10736964,,8054813,,12697620,
2951329,16,4375576,0,10891235,,13209993,,12690186,
2900272,16,4378010,0,10944665,,10418786,,12716736,
2888751,16,4375535,0,10747865,,8022021,,,
2888841,16,4419327,0,10412063,,8281608,,,
2888059,16,4443163,0,10724400,,8235652,,,
2835681,16,4410982,0,10868070,,13400561,,,
2836062,16,4356911,0,10557708,,14434605,,,
2835310,16,4438845,0,10978719,,11204203,,,
2840279,16,4644882,0,10783111,,9863542,,,
2844146,16,4441850,0,4826384,,12160871,,,
2833426,16,4467830,0,9302367,,10400732,,,
2825892,16,4457519,0,9665891,,13153477,,,
2835831,16,4433294,0,11014166,,9982977,,,
2842304,16,4434817,0,10787859,,12190397,,,
2839097,16,4450126,0,10980993,,12883068,,,
2835721,16,4439115,0,10855197,,8332944,,,
2841182,16,4388880,0,8243847,,8426671,,,
2842283,16,4371238,0,9760118,,9780296,,,
2835941,16,4365336,0,4685468,,12038110,,,
2840650,16,4452540,0,4091502,,11561394,,,
2835681,16,4413998,0,9358312,,11739950,,,
2841291,16,4366128,0,4916683,,10923856,,,
2846821,16,4360387,0,9255098,,9323957,,,
2836893,16,4353434,0,4877329,,11998887,,,
2838626,16,4357011,0,9694344,,11105778,,,
2835110,16,4365517,0,4142608,,10039974,,,
2834188,16,4357822,0,9149530,,9271520,,,
2833116,16,4369063,0,3807086,,10851620,,,
2833025,16,4365186,0,8902986,,15679185,,,
2835490,16,4444284,0,8557958,,12074067,,,
2838245,16,4361859,0,4465735,,13100077,,,
2835721,16,4382629,0,9431651,,8521860,,,
2829099,16,4365657,0,9864314,,9624143,,,
2841993,16,4368863,0,10645312,,11488376,,,
2841902,16,4354436,0,10488738,,10982165,,,
2835239,16,4357572,0,10429006,,9997625,,,
2834569,16,4363783,0,10703521,,12309691,,,
2843045,16,4361108,0,4520969,,8063850,,,
2834319,16,4354447,0,8704383,,8260448,,,
2847913,16,4357081,0,9807758,,8077905,,,
2834218,16,4363963,0,10550984,,13135162,,,
2842483,16,4354145,0,10498676,,9396343,,,
2839057,16,4360769,0,10407555,,11419868,,,
2830171,16,4357261,0,10561625,,11303639,,,
2841853,16,4361389,0,10447560,,9639892,,,
2835119,16,4358314,0,10507874,,11889701,,,
2835350,16,4343525,0,10516941,,12093925,,,
2840230,16,4350478,0,4720314,,11697180,,,
2844908,16,4369023,0,8842573,,11539824,,,
2835170,16,4352442,0,4699655,,11541807,,,
2833186,16,4358674,0,8406243,,10427082,,,
2835460,16,4356199,0,4062067,,8094215,,,
2833026,16,4358242,0,7953231,,11057737,,,
2834518,16,4352182,0,3866779,,12560282,,,
2833938,16,4345880,0,8235331,,8044093,,,
2837354,16,4353994,0,9803379,,9098153,,,
2829099,16,4382478,0,10524835,,9309621,,,
2836452,16,4350158,0,10551085,,11432201,,,
2840149,16,4344077,0,10400972,,11320340,,,
2834329,16,4366258,0,4612781,,9998175,,,
2846532,16,4678485,0,5378421,,12078457,,,
2835099,16,4355338,0,4725193,,12529263,,,
2831373,16,4457990,0,8507564,,8051877,,,
2829099,16,4368903,0,9126988,,8158748,,,
2830591,16,4353825,0,4883170,,8044823,,,
2839869,16,4366088,0,8873462,,8101210,,,
2839067,16,4372721,0,5116808,,8076382,,,
2836392,16,4358434,0,8925579,,8064150,,,
3029024,16,4417434,0,4269456,,8404129,,,
2834138,16,4350929,0,5510779,,8695577,,,
2833016,16,4363042,0,10200045,,9787349,,,
2846642,16,4458221,0,9181199,,12239870,,,
2838145,16,4358704,0,4530507,,12796316,,,
2829239,16,4376897,0,9312326,,8071814,,,
2833336,16,4389572,0,4026159,,8406974,,,
2839568,16,4364594,0,9333496,,8781117,,,
2853595,16,4359285,,10959643,,10410350,,,
3089157,16,4354085,,4943073,,8047028,,,
4181580,16,4356269,,5314792,,8250840,,,
3823207,16,4347743,,4011812,,8070912,,,
2911373,16,4348515,,4239440,,8735100,,,
2849748,16,4359746,,4279936,,9271109,,,
2829128,16,4355047,,4384953,,11718850,,,
2832685,16,4341291,,4365606,,10729610,,,
2837865,16,4362821,,4285025,,8915780,,,
2840329,16,4343896,,4349186,,10719902,,,
2838847,16,4346972,,4670200,,8256211,,,
2837675,16,4356880,,4429627,,9223860,,,
2837254,16,4349957,,4414919,,10600187,,,
2832304,16,4347743,,3741825,,8782420,,,
2842985,16,4348204,,4142988,,9736033,,,
2846081,16,4344898,,5355418,,12179656,,,
2848725,16,4349046,,4371117,,13132527,,,
2833125,16,4351040,,4689125,,8414008,,,
2842483,16,4349156,,4603453,,8845779,,,
2843646,16,4347182,,4493297,,10640974,,,
2825883,16,4358483,,4717218,,8046557,,,
2832625,16,4356980,,9574338,,9147345,,,
2834949,16,4349296,,10296427,,12546135,,,
2832304,16,4346912,,4864024,,,,,
2837254,16,4366308,,8490300,,,,,
2833857,16,4431280,,7890173,,,,,
2838897,16,4429597,,7858022,,,,,
2830682,16,4422484,,11108092,,,,,
2839408,16,4440708,,7961326,,,,,
2840570,16,4409690,,10688924,,,,,
2831973,16,4378271,,7667825,,,,,
2835230,16,4347633,,6570181,,,,,
2842393,16,4359976,,8759417,,,,,
2839337,16,4340339,,10073357,,,,,
2825952,16,4416372,,9841701,,,,,
2841331,16,4354345,,10392206,,,,,
2836342,16,4348325,,10388039,,,,,
2833026,16,4341441,,10844025,,,,,
2847934,16,4340059,,10517722,,,,,
2835481,16,4347874,,10778072,,,,,
2834248,16,4353515,,10714442,,,,,
2829088,16,4348584,,10518463,,,,,
2831503,16,4339848,,10619604,,,,,
2838736,16,4345940,,10471946,,,,,
2832304,16,4356681,,7616367,,,,,
2846491,16,4418787,,10725603,,,,,
2833707,16,4411313,,7697791,,,,,
2836392,16,4528834,,10912444,,,,,
2833016,16,4441339,,7530397,,,,,
2834659,16,4417455,,10554601,,,,,
2835961,16,4382979,,7590500,,,,,
2843746,16,4376999,,10589988,,,,,
2838487,16,4551567,,6666131,,,,,
2840700,16,4464844,,9727216,,,,,
2836502,16,4352001,,7595008,,,,,
2828958,16,4422324,,10603955,,,,,
2847914,16,4533623,,7768293,,,,,
2837424,16,4354365,,10586522,,,,,
2830521,16,4367421,,7737586,,,,,
2839728,16,4362330,,10751692,,,,,
2840380,16,4512183,,7706518,,,,,
2825882,16,4401374,,10629472,,,,,
2834128,16,4357702,,7761731,,,,,
2837624,16,4369324,,10491082,,,,,
2904300,16,5232477,,7677413,,,,,
2943794,16,4349206,,7617130,,,,,
2839468,16,4353053,,10653337,,,,,
2838647,16,4434707,,10432703,,,,,
2833296,16,4470134,,7859285,,,,,
2848745,16,4358894,,10695697,,,,,
2834178,16,4433384,,7613032,,,,,
2832675,16,4521059,,10503916,,,,,
2825882,16,4469602,,7515308,,,,,
2841802,16,4450196,,10493386,,,,,
2836963,16,4442020,,7519726,,,,,
2829169,16,4599867,,9635474,,,,,
2849066,16,4435228,,3797869,,,,,
2841682,16,4427583,,8876687,,,,,
2842674,16,4500230,,6810373,,,,,
2834318,16,4568108,,10589717,,,,,
2839258,16,4429607,,7814030,,,,,
2843255,16,4416232,,10573818,,,,,
2841362,16,4638750,,7639081,,,,,
2834298,16,5091371,,10537990,,,,,
2834929,16,4420360,,7579518,,,,,
2835550,16,4449355,,10587322,,,,,
2845620,16,4512233,,7913357,,,,,
2840750,16,4362390,,9042859,,,,,
2830150,16,4372990,,7568879,,,,,
2832305,16,4410702,,10865366,,,,,
2833758,16,4484510,,7694896,,,,,
2833848,16,4355327,,10724240,,,,,
2832244,16,4358143,,7560052,,,,,
2837154,16,4601750,,10589187,,,,,
2838767,16,4496753,,7475383,,,,,
2841412,16,4429347,,10600488,,,,,
2825883,16,4360057,,7710265,,,,,
2864294,16,4525187,,10768053,,,,,
2842524,16,4363373,,7797749,,,,,
2829088,16,4371838,,10660230,,,,,
2848986,16,4437492,,7832925,,,,,
2833567,16,4524004,,10495860,,,,,
2838947,16,4419147,,7573607,,,,,
2839036,16,4436100,,10565292,,,,,
2835651,16,4577264,,7564600,,,,,
2842163,16,4724812,,8247936,,,,,
2888630,16,5049593,,10508064,,,,,
2841472,16,4614715,,7663226,,,,,
2830802,16,4832455,,10439043,,,,,
2829990,16,4704053,,7714222,,,,,
2825902,16,4730463,,7485812,,,,,
2841512,16,4718851,,10436249,,,,,
2840680,16,4746813,,7676281,,,,,
2830431,16,4754257,,10727035,,,,,
2840209,16,4696609,,10139701,,,,,
2837093,16,4901174,,9302658,,,,,
2833707,16,4647947,,8070962,,,,,
2835510,16,4564681,,7535175,,,,,
2868994,16,4706888,,10426981,,,,,
2879724,16,4950136,,7451669,,,,,
2945597,16,4680759,,10450716,,,,,
2959123,16,4753636,,5113363,,,,,
2950447,16,4887909,,8924917,,,,,
2949805,16,4588246,,3832475,,,,,
2910131,16,4594728,,8793140,,,,,
2948593,16,4940728,,4077325,,,,,
2953372,16,4670009,,8839076,,,,,
2899671,16,4564971,,4590099,,,,,
2887839,16,4544934,,9645422,,,,,
2890795,16,5010910,,7610387,,,,,
2903879,16,4961958,,10639842,,,,,
2899651,16,4873923,,10437541,,,,,
2903057,16,5186299,,7645964,,,,,
2889532,16,4906865,,10604204,,,,,
2856460,16,4854505,,8053319,,,,,
2870707,16,4696358,,10431129,,,,,
2875656,16,4796727,,7760789,,,,,
2879132,16,4599166,,8374783,,,,,
2894421,16,4492516,,7577495,,,,,
2835791,16,4544703,,8513614,,,,,
2838486,16,4508535,,10584829,,,,,
2842083,16,4477096,,7549211,,,,,
2833025,16,4565122,,10575762,,,,,
2841481,16,4383701,,8932613,,,,,
2837174,16,4481945,,8819930,,,,,
2825873,16,4629322,,8333045,,,,,
2847293,16,4692471,,9021288,,,,,
2872770,16,4831112,,4231996,,,,,
2882819,16,4977367,,9025086,,,,,
2877289,16,4986645,,4070432,,,,,
2852543,16,4823377,,9216866,,,,,
2841201,16,4701649,,10606950,,,,,
2839808,16,4537420,,4604897,,,,,
2862350,16,4586712,,9906884,,,,,
2876948,16,4504147,,9923003,,,,,
2866138,16,4523945,,4704845,,,,,
2875836,16,4459333,,9179696,,,,,
2834117,16,4659359,,8941309,,,,,
2834308,16,4400022,,4575512,,,,,
2829098,16,4398028,,9541116,,,,,
2841331,16,4587093,,4147277,,,,,
2841351,16,4513024,,8968149,,,,,
2833787,16,4451950,,9326953,,,,,
2834678,16,4396385,,10648178,,,,,
2843726,16,4514126,,6795936,,,,,
2830410,16,4475784,,9252774,,,,,
2835340,16,4479862,,7661303,,,,,
2841381,16,4438434,,9745871,,,,,
2831803,16,4464673,,3706397,,,,,
2830371,16,4367470,,8784344,,,,,
2825883,16,4340119,,4147747,,,,,
2834950,16,4411132,,8729481,,,,,
2837014,16,4412195,,4141645,,,,,
2835120,16,4358344,,8145623,,,,,
2835189,16,4351761,,3778413,,,,,
2838195,16,4359916,,7932883,,,,,
2841261,16,4522572,,3879763,,,,,
2829098,16,4442151,,7804361,,,,,
2840079,16,4360618,,9535736,,,,,
2838536,16,4434696,,10840048,,,,,
2833106,16,4383962,,10572364,,,,,
2842884,16,4352271,,4604265,,,,,
2844899,16,4349617,,9874493,,,,,
2838346,16,4425740,,4613794,,,,,
2847392,16,4389101,,8165390,,,,,
2834839,16,4352241,,4713130,,,,,
2835380,16,4364094,,7902546,,,,,
2832304,16,4518555,,8751752,,,,,
2835350,16,4378742,,3948312,,,,,
2831102,16,4381487,,9344637,,,,,
2832305,16,4375465,,8870285,,,,,
2832795,16,4475483,,4615597,,,,,
2834458,16,4385745,,9299331,,,,,
2832274,16,4364886,,4606470,,,,,
2838166,16,4441930,,10430959,,,,,
2835130,16,4418687,,6364113,,,,,
2836402,16,4365516,,9436690,,,,,
2835120,16,4360989,,4336312,,,,,
2834509,16,4494089,,9125274,,,,,
2837855,16,4464402,,3867651,,,,,
2835100,16,4359416,,8718499,,,,,
2829089,16,4348945,,3762142,,,,,
2846221,16,4441158,,8612831,,,,,
2829930,16,4391896,,4232256,,,,,
2829098,16,4363773,,4805333,,,,,
2841822,16,4374974,,3527952,,,,,
2837133,16,4416983,,9624713,,,,,
2825882,16,4970725,,10595839,,,,,
2846611,16,4373412,,10314581,,,,,
2845609,16,4424457,,3729360,,,,,
2838516,16,4380545,,8896695,,,,,
2831923,16,4351520,,3974732,,,,,
2834348,16,4413707,,8056125,,,,,
2832164,16,4587835,,4056105,,,,,
2841401,16,4470334,,8122139,,,,,
2834479,16,4682823,,3992175,,,,,
2832205,16,4509116,,4561034,,,,,
2829509,16,4589628,,8577164,,,,,
2829088,16,4761311,,6788632,,,,,
2840589,16,4702641,,10522231,,,,,
2845099,16,4594386,,7915180,,,,,
2837775,16,4473239,,10332534,,,,,
2841321,16,4415310,,9337293,,,,,
2841551,16,4472257,,4846271,,,,,
2832825,16,4500460,,8415330,,,,,
2832304,16,4459804,,3835591,,,,,
2839067,16,4435438,,8090139,,,,,
2837434,16,4426481,,4285025,,,,,
2825883,16,4537551,,4505029,,,,,
2846882,16,4476435,,8981815,,,,,
2845700,16,4437091,,4182773,,,,,
2833506,16,4424868,,7992745,,,,,
2825883,16,4477026,,4209834,,,,,
2835450,16,4350969,,9118482,,,,,
2841542,16,4346621,,6907505,,,,,
2835721,16,4417905,,8375415,,,,,
2836984,16,4380975,,4063279,,,,,
2848776,16,4391144,,7946428,,,,,
2876197,16,4352252,,3824891,,,,,
2837995,16,4419448,,7719251,,,,,
2838766,16,4377268,,3784334,,,,,
2841542,16,4393168,,8421882,,,,,
2833016,,4361098,,,,,,,
2839698,,4417344,,,,,,,
2836612,,4363433,,,,,,,
2829098,,4369895,,,,,,,
2847453,,4339949,,,,,,,
2833467,,4408878,,,,,,,
2856581,,4384472,,,,,,,
2840660,,4353945,,,,,,,
2834468,,4372800,,,,,,,
2830530,,4407265,,,,,,,
2845329,,4398909,,,,,,,
2846522,,4350649,,,,,,,
2841212,,4398579,,,,,,,
2840740,,4479651,,,,,,,
2831723,,4366178,,,,,,,
2834107,,4362121,,,,,,,
2832485,,4448413,,,,,,,
2829099,,4398810,,,,,,,
2841010,,4357662,,,,,,,
2837764,,4347492,,,,,,,
2839097,,4486063,,,,,,,
2827786,,4428204,,,,,,,
2870717,,4387377,,,,,,,
2890695,,4367431,,,,,,,
2833306,,4646174,,,,,,,
3328698,,4469432,,,,,,,
4150412,,4519847,,,,,,,
4185819,,4611509,,,,,,,
4173275,,4974642,,,,,,,
3060263,,4445727,,,,,,,
2865748,,4382198,,,,,,,
2842283,,4489681,,,,,,,
2847543,,4619925,,,,,,,
2844597,,4521840,,,,,,,
2863152,,4500350,,,,,,,
2875235,,4789383,,,,,,,
2872249,,4634563,,,,,,,
2836172,,4578477,,,,,,,
2850098,,4698012,,,,,,,
2832605,,4763615,,,,,,,
2842693,,4654761,,,,,,,
2839989,,4464743,,,,,,,
2833026,,4585981,,,,,,,
2835430,,4709473,,,,,,,
2845820,,4653518,,,,,,,
2832474,,4639853,,,,,,,
2839158,,4628471,,,,,,,
2838657,,4501522,,,,,,,
2841172,,4430479,,,,,,,
10637998,,4462038,,,,,,,
2837715,,4483127,,,,,,,
2835150,,4420340,,,,,,,
2841321,,4405422,,,,,,,
2851150,,4384432,,,,,,,
2834198,,4412034,,,,,,,
2843566,,4394020,,,,,,,
2829249,,4399060,,,,,,,
2834228,,4369053,,,,,,,
2836783,,4439255,,,,,,,
2836402,,4352722,,,,,,,
2829549,,4382980,,,,,,,
2837314,,4356389,,,,,,,
2837454,,4356430,,,,,,,
2830792,,4354757,,,,,,,
2842243,,4404440,,,,,,,
2832745,,4433535,,,,,,,
2833016,,4428165,,,,,,,
2841281,,4426972,,,,,,,
2841662,,4438053,,,,,,,
2829809,,4404730,,,,,,,
2846931,,4365446,,,,,,,
2835601,,4365667,,,,,,,
2838286,,4361911,,,,,,,
2835130,,4362902,,,,,,,
2829980,,4369113,,,,,,,
2831092,,4366058,,,,,,,
2830340,,4347964,,,,,,,
2846812,,4421602,,,,,,,
2848806,,4428986,,,,,,,
2841351,,4422524,,,,,,,
2825882,,4390454,,,,,,,
2834087,,4341922,,,,,,,
2830461,,4355999,,,,,,,
2825882,,4356540,,,,,,,
2841171,,4364204,,,,,,,
2837373,,4344056,,,,,,,
2843085,,4357792,,,,,,,
2833376,,4346812,,,,,,,
2851129,,4375626,,,,,,,
2836473,,4352111,,,,,,,
2832064,,4363874,,,,,,,
2845389,,4346981,,,,,,,
2838005,,4395843,,,,,,,
2832485,,4363923,,,,,,,
2838166,,4363313,,,,,,,
2834529,,4465604,,,,,,,
2836893,,4414769,,,,,,,
2839007,,4363533,,,,,,,
2835581,,4357311,,,,,,,
2843966,,4441960,,,,,,,
2882449,,4387358,,,,,,,
2864946,,4367591,,,,,,,
2878942,,4472237,,,,,,,
2874874,,4464362,,,,,,,
2982246,,4427143,,,,,,,
2942883,,4434887,,,,,,,
4358524,,4410401,,,,,,,
3593585,,4429246,,,,,,,
3018825,,4432062,,,,,,,
2947401,,4422754,,,,,,,
2884563,,4425970,,,,,,,
2906023,,4426281,,,,,,,
2897808,,4438554,,,,,,,
2896424,,4390514,,,,,,,
2907696,,5016491,,,,,,,
2885595,,4347573,,,,,,,
2894502,,4345910,,,,,,,
2888861,,4345549,,,,,,,
2891896,,4356019,,,,,,,
2899611,,4364134,,,,,,,
2872300,,4345298,,,,,,,
2841873,,4356600,,,,,,,
2847283,,4361539,,,,,,,
2835961,,4343124,,,,,,,
2843695,,4419317,,,,,,,
2853445,,4443604,,,,,,,
2856500,,4404410,,,,,,,
2836532,,4352763,,,,,,,
2841362,,4349777,,,,,,,
2834168,,4343556,,,,,,,
2837905,,4353043,,,,,,,
2841633,,4537209,,,,,,,
2838696,,4370576,,,,,,,
2832615,,4347072,,,,,,,
2832795,,4375185,,,,,,,
2825872,,4353584,,,,,,,
2835410,,4359566,,,,,,,
2850799,,4340099,,,,,,,
2829329,,4354296,,,,,,,
2843456,,4367941,,,,,,,
2833877,,4343294,,,,,,,
2836482,,4356480,,,,,,,
2832084,,4360076,,,,,,,
2843476,,4344026,,,,,,,
2837434,,4360797,,,,,,,
2841371,,4361088,,,,,,,
2847483,,4349136,,,,,,,
2841472,,4351089,,,,,,,
2841381,,4499138,,,,,,,
2844597,,4405853,,,,,,,
2836402,,4370436,,,,,,,
2833787,,4378030,,,,,,,
2829099,,4353194,,,,,,,
2832826,,4342614,,,,,,,
2839428,,4366689,,,,,,,
2838897,,4479049,,,,,,,
2837885,,4348173,,,,,,,
2843255,,4363363,,,,,,,
2843366,,4364955,,,,,,,
2833016,,4351610,,,,,,,
2837504,,4340019,,,,,,,
2838215,,4352523,,,,,,,
2825892,,4345810,,,,,,,
2835801,,4347964,,,,,,,
2842995,,4357471,,,,,,,
2836111,,4352893,,,,,,,
2836722,,4351470,,,,,,,
2837153,,4350609,,,,,,,
2832425,,4352482,,,,,,,
2841342,,4348364,,,,,,,
2835240,,4368242,,,,,,,
2839658,,4345209,,,,,,,
2852913,,4344077,,,,,,,
2835460,,4346311,,,,,,,
2839819,,4375836,,,,,,,
2840881,,4346451,,,,,,,
2830421,,4352091,,,,,,,
2842343,,4351150,,,,,,,
2845419,,4361420,,,,,,,
2832475,,4362200,,,,,,,
2836693,,4340310,,,,,,,
2835681,,4347172,,,,,,,
2830160,,4361961,,,,,,,
2844567,,4344397,,,,,,,
2851410,,4345960,,,,,,,
2838476,,4352452,,,,,,,
2832304,,4365546,,,,,,,
2835791,,4361970,,,,,,,
2833838,,4359586,,,,,,,
2842163,,4373062,,,,,,,
2849416,,4369635,,,,,,,
2835631,,5264346,,,,,,,
2839258,,4354266,,,,,,,
2832305,,4388771,,,,,,,
2835881,,4371258,,,,,,,
2872820,,4352342,,,,,,,
2876297,,4414549,,,,,,,
2829850,,4487806,,,,,,,
2843174,,4529094,,,,,,,
2845760,,4943493,,,,,,,
2832305,,4551716,,,,,,,
2848225,,4586211,,,,,,,
2839989,,4444425,,,,,,,
2832454,,4403308,,,,,,,
2832304,,4440317,,,,,,,
2833045,,4390944,,,,,,,
2836693,,4347463,,,,,,,
2832034,,4360517,,,,,,,
2870406,,4354165,,,,,,,
2834949,,4369444,,,,,,,
2833356,,4359666,,,,,,,
2825892,,4342283,,,,,,,
2839387,,4362471,,,,,,,
2839568,,4345059,,,,,,,
2829088,,4340119,,,,,,,
2834899,,4360016,,,,,,,
2842613,,4355519,,,,,,,
2839097,,4441590,,,,,,,
2836683,,4422063,,,,,,,
2847683,,4460766,,,,,,,
2829960,,4435399,,,,,,,
2833015,,4381617,,,,,,,
2834658,,4339988,,,,,,,
2836432,,4357732,,,,,,,
2833016,,4346291,,,,,,,
2835611,,4340239,,,,,,,
2832745,,4400062,,,,,,,
2839187,,4479090,,,,,,,
2845279,,4400923,,,,,,,
2834408,,4346140,,,,,,,
2836031,,4361269,,,,,,,
2829810,,4363803,,,,,,,
2831452,,4363152,,,,,,,
2841853,,4340299,,,,,,,
2841713,,4339578,,,,,,,
2825882,,4381587,,,,,,,
2834589,,4364034,,,,,,,
2941490,,4347293,,,,,,,
2863533,,4362571,,,,,,,
2837735,,4358143,,,,,,,
2833787,,4382378,,,,,,,
2834157,,4381497,,,,,,,
2835340,,4385645,,,,,,,
2840950,,4425369,,,,,,,
2842563,,4351220,,,,,,,
2835080,,4348415,,,,,,,
2835249,,4424638,,,,,,,
2838055,,4366949,,,,,,,
2839087,,4374954,,,,,,,
2835441,,4354166,,,,,,,
2836743,,4435278,,,,,,,
2841692,,4473850,,,,,,,
2838155,,4424218,,,,,,,
2831663,,4575882,,,,,,,
2830681,,4563779,,,,,,,
2829098,,4548311,,,,,,,
2832505,,4417684,,,,,,,
2830691,,4485192,,,,,,,
2833306,,4458852,,,,,,,
2829098,,4438063,,,,,,,
2840811,,4363052,,,,,,,
2841652,,4400743,,,,,,,
2845249,,4390614,,,,,,,
2847102,,4406183,,,,,,,
2834028,,4466146,,,,,,,
2838606,,4461097,,,,,,,
2835160,,4478659,,,,,,,
2835000,,4440578,,,,,,,
2835140,,4410742,,,,,,,
2832665,,4477217,,,,,,,
2834689,,4430810,,,,,,,
2840670,,4400463,,,,,,,
3010470,,4357432,,,,,,,
2829189,,4340860,,,,,,,
2842724,,4347542,,,,,,,
2835651,,4364114,,,,,,,
2825912,,4355168,,,,,,,
2846671,,4343485,,,,,,,
2830942,,4348845,,,,,,,
2832826,,4346992,,,,,,,
2841422,,4342714,,,,,,,
2833216,,4341110,,,,,,,
2833657,,4345449,,,,,,,
2845329,,4360417,,,,,,,
2830271,,4359325,,,,,,,
2842454,,4344327,,,,,,,
2835160,,4359756,,,,,,,
2828948,,4353525,,,,,,,
2832495,,4434466,,,,,,,
2841171,,4441439,,,,,,,
2831943,,4430099,,,,,,,
2839067,,4438303,,,,,,,
2839218,,4442471,,,,,,,
2825883,,4424027,,,,,,,
2835651,,4432303,,,,,,,
2844627,,4432042,,,,,,,
2834568,,4418937,,,,,,,
2825882,,4347073,,,,,,,
2845379,,4361029,,,,,,,
2839468,,4356099,,,,,,,
2829098,,4344017,,,,,,,
2831873,,4365817,,,,,,,
2834649,,4358283,,,,,,,
2833437,,4348234,,,,,,,
2841392,,4349226,,,,,,,
2832946,,4352722,,,,,,,
2839057,,4359946,,,,,,,
2839087,,4358353,,,,,,,
2834999,,4342073,,,,,,,
2839668,,4346030,,,,,,,
2838406,,4347743,,,,,,,
2833026,,4346852,,,,,,,
3002494,,4349066,,,,,,,
2830040,,4340129,,,,,,,
2839267,,4348554,,,,,,,
2829850,,4350428,,,,,,,
2841702,,4342753,,,,,,,
2832525,,4361098,,,,,,,
2845339,,4348525,,,,,,,
2834439,,4350639,,,,,,,
2840901,,4354986,,,,,,,
2838336,,4360948,,,,,,,
2846241,,4367581,,,,,,,
2837565,,4384151,,,,,,,
2835160,,4360207,,,,,,,
2847954,,4351962,,,,,,,
2840189,,4363373,,,,,,,
2840470,,4379252,,,,,,,
2829098,,4350087,,,,,,,
2841782,,4367671,,,,,,,
2837203,,4410671,,,,,,,
2829098,,4353584,,,,,,,
2835240,,4356670,,,,,,,
2844468,,4400162,,,,,,,
2841392,,4432513,,,,,,,
2843135,,4418706,,,,,,,
2834819,,4392458,,,,,,,
2836072,,4439235,,,,,,,
2829089,,4430148,,,,,,,
2847823,,4393208,,,,,,,
2833627,,4363353,,,,,,,
2838666,,4381847,,,,,,,
2829088,,4343004,,,,,,,
2841632,,4347292,,,,,,,
2843566,,4340259,,,,,,,
2835150,,4361218,,,,,,,
2830140,,4347052,,,,,,,
2837895,,4365146,,,,,,,
2838436,,4351319,,,,,,,
2833016,,4375906,,,,,,,
2839008,,4360007,,,,,,,
2839057,,4366980,,,,,,,
2829088,,4367651,,,,,,,
2840761,,4358143,,,,,,,
2840950,,4351099,,,,,,,
2825882,,4361419,,,,,,,
2847783,,4371618,,,,,,,
2844948,,4404219,,,,,,,
2833156,,4358564,,,,,,,
2835390,,4354847,,,,,,,
2840570,,4374875,,,,,,,
2833758,,4395182,,,,,,,
2839548,,4357932,,,,,,,
2830801,,4370716,,,,,,,
2834749,,4409760,,,,,,,
2841462,,4343837,,,,,,,
2835240,,4356430,,,,,,,
2852662,,4364605,,,,,,,
2881396,,4358533,,,,,,,
2843506,,4362361,,,,,,,
2848455,,4340309,,,,,,,
3166462,,4357121,,,,,,,
3682202,,4354165,,,,,,,
3018545,,4343495,,,,,,,
2987777,,4357060,,,,,,,
2975604,,4371608,,,,,,,
2975053,,4369785,,,,,,,
2992175,,4405041,,,,,,,
2916042,,4352963,,,,,,,
2903108,,4387418,,,,,,,
2891827,,4361028,,,,,,,
2888550,,4348074,,,,,,,
2919588,,4346021,,,,,,,
2948062,,4400483,,,,,,,
2956227,,4341220,,,,,,,
2898829,,4340269,,,,,,,
2948834,,4346010,,,,,,,
2842013,,4365657,,,,,,,
2842544,,4350268,,,,,,,
2833015,,4350799,,,,,,,
2831593,,4362230,,,,,,,
2842343,,4356680,,,,,,,
2831964,,4363243,,,,,,,
2836192,,4366238,,,,,,,
2846441,,4365046,,,,,,,
2839638,,4352131,,,,,,,
2829098,,4347994,,,,,,,
2834649,,4354055,,,,,,,
2836482,,4375786,,,,,,,
2845309,,4352162,,,,,,,
2846782,,4340409,,,,,,,
2835600,,4345799,,,,,,,
2855889,,4375335,,,,,,,
2829099,,4348485,,,,,,,
2841652,,4345920,,,,,,,
2835740,,4352152,,,,,,,
2833026,,4371608,,,,,,,
2836443,,4342193,,,,,,,
2904430,,4348234,,,,,,,
2848705,,4355398,,,,,,,
2832304,,4373191,,,,,,,
2840760,,4345940,,,,,,,
2842162,,4353323,,,,,,,
2832776,,4470434,,,,,,,
2842182,,4349978,,,,,,,
2843345,,4345760,,,,,,,
2825882,,4349446,,,,,,,
2833546,,4374974,,,,,,,
2831693,,4388550,,,,,,,
2836773,,5214061,,,,,,,
2831923,,4349897,,,,,,,
2832174,,4387528,,,,,,,
2837585,,4348204,,,,,,,
2841422,,4343846,,,,,,,
2831744,,4421463,,,,,,,
2839879,,4478649,,,,,,,
2843114,,4379653,,,,,,,
2832014,,4348996,,,,,,,
2834759,,4344688,,,,,,,
2835170,,4714723,,,,,,,
2834318,,4358494,,,,,,,
2841571,,4345609,,,,,,,
2840329,,4354546,,,,,,,
2832956,,4358343,,,,,,,
2832305,,4358063,,,,,,,
2834088,,4363914,,,,,,,
2832745,,4376797,,,,,,,
2825892,,,,,,,,,
2849416,,,,,,,,,
2833677,,,,,,,,,
2829099,,,,,,,,,
3164288,,,,,,,,,
3005179,,,,,,,,,
2942261,,,,,,,,,
2945748,,,,,,,,,
2926131,,,,,,,,,
2887809,,,,,,,,,
2852141,,,,,,,,,
2829088,,,,,,,,,
2859816,,,,,,,,,
2871598,,,,,,,,,
2890874,,,,,,,,,
2878281,,,,,,,,,
2852132,,,,,,,,,
3343585,,,,,,,,,
4078166,,,,,,,,,
3865607,,,,,,,,,
3076403,,,,,,,,,
2855658,,,,,,,,,
2873221,,,,,,,,,
2875656,,,,,,,,,
2830622,,,,,,,,,
2850048,,,,,,,,,
2843716,,,,,,,,,
2835491,,,,,,,,,
2832305,,,,,,,,,
2833918,,,,,,,,,
2843967,,,,,,,,,
2829269,,,,,,,,,
2844498,,,,,,,,,
2837865,,,,,,,,,
2845640,,,,,,,,,
2839007,,,,,,,,,
2835140,,,,,,,,,
2841952,,,,,,,,,
2839047,,,,,,,,,
2835150,,,,,,,,,
2842223,,,,,,,,,
2835360,,,,,,,,,
2829098,,,,,,,,,
2840509,,,,,,,,,
2971536,,,,,,,,,
2875225,,,,,,,,,
2835290,,,,,,,,,
2839358,,,,,,,,,
2835901,,,,,,,,,
2844538,,,,,,,,,
2835000,,,,,,,,,
2836773,,,,,,,,,
2831884,,,,,,,,,
2836162,,,,,,,,,
2843376,,,,,,,,,
2839077,,,,,,,,,
2835831,,,,,,,,,
2840540,,,,,,,,,
2844688,,,,,,,,,
2838335,,,,,,,,,
2833797,,,,,,,,,
2833507,,,,,,,,,
2825873,,,,,,,,,
2835830,,,,,,,,,
2834118,,,,,,,,,
2832976,,,,,,,,,
2825882,,,,,,,,,
2841572,,,,,,,,,
2841802,,,,,,,,,
2825882,,,,,,,,,
2850719,,,,,,,,,
2834028,,,,,,,,,
2837654,,,,,,,,,
2835941,,,,,,,,,
2835340,,,,,,,,,
2837735,,,,,,,,,
2832305,,,,,,,,,
2840921,,,,,,,,,
2835741,,,,,,,,,
2829099,,,,,,,,,
2835400,,,,,,,,,
2844577,,,,,,,,,
2835901,,,,,,,,,
2829259,,,,,,,,,
2835691,,,,,,,,,
2836693,,,,,,,,,
2829098,,,,,,,,,
2848765,,,,,,,,,
2845659,,,,,,,,,
2833577,,,,,,,,,
2840640,,,,,,,,,
2836111,,,,,,,,,
2837725,,,,,,,,,
2835240,,,,,,,,,
2847543,,,,,,,,,
2832034,,,,,,,,,
2835731,,,,,,,,,
2835179,,,,,,,,,
2846531,,,,,,,,,
2832925,,,,,,,,,
2829088,,,,,,,,,
2841822,,,,,,,,,
2839598,,,,,,,,,
2832255,,,,,,,,,
2832304,,,,,,,,,
2833908,,,,,,,,,
2834930,,,,,,,,,
2840560,,,,,,,,,
2837414,,,,,,,,,
2836352,,,,,,,,,
2825883,,,,,,,,,
2830090,,,,,,,,,
2836713,,,,,,,,,
2841963,,,,,,,,,
2835150,,,,,,,,,
2835261,,,,,,,,,
2840670,,,,,,,,,
2835180,,,,,,,,,
2834779,,,,,,,,,
3015138,,,,,,,,,
2836422,,,,,,,,,
2825883,,,,,,,,,
2841853,,,,,,,,,
2844938,,,,,,,,,
2832304,,,,,,,,,
2847813,,,,,,,,,
2835110,,,,,,,,,
2835621,,,,,,,,,
2829098,,,,,,,,,
2831242,,,,,,,,,
2838105,,,,,,,,,
2841382,,,,,,,,,
2835701,,,,,,,,,
2852893,,,,,,,,,
2838767,,,,,,,,,
2829109,,,,,,,,,
2834278,,,,,,,,,
2834128,,,,,,,,,
2842674,,,,,,,,,
2835811,,,,,,,,,
2845880,,,,,,,,,
2840330,,,,,,,,,
2825883,,,,,,,,,
2847834,,,,,,,,,
2835020,,,,,,,,,
2833026,,,,,,,,,
2840881,,,,,,,,,
2845099,,,,,,,,,
2829098,,,,,,,,,
2847583,,,,,,,,,
2835571,,,,,,,,,
2833807,,,,,,,,,
2829088,,,,,,,,,
2835781,,,,,,,,,
2835681,,,,,,,,,
2841331,,,,,,,,,
2836041,,,,,,,,,
2839818,,,,,,,,,
2850318,,,,,,,,,
2835109,,,,,,,,,
2842043,,,,,,,,,
2837815,,,,,,,,,
2839207,,,,,,,,,
2835370,,,,,,,,,
2847894,,,,,,,,,
2838988,,,,,,,,,
2841332,,,,,,,,,
2843385,,,,,,,,,
2830451,,,,,,,,,
2841362,,,,,,,,,
2835210,,,,,,,,,
2831733,,,,,,,,,
2835941,,,,,,,,,
2845298,,,,,,,,,
2847783,,,,,,,,,
2835600,,,,,,,,,
2829089,,,,,,,,,
2835210,,,,,,,,,
2835650,,,,,,,,,
2829098,,,,,,,,,
2845449,,,,,,,,,
2841471,,,,,,,,,
2839348,,,,,,,,,
2830420,,,,,,,,,
2840900,,,,,,,,,
2837143,,,,,,,,,
2825883,,,,,,,,,
2847323,,,,,,,,,
2832856,,,,,,,,,
2835941,,,,,,,,,
2825882,,,,,,,,,
2841041,,,,,,,,,
2839819,,,,,,,,,
2839107,,,,,,,,,
2947992,,,,,,,,,
2837815,,,,,,,,,
2836713,,,,,,,,,
2829099,,,,,,,,,
2848074,,,,,,,,,
2839027,,,,,,,,,
2835159,,,,,,,,,
2843626,,,,,,,,,
2841211,,,,,,,,,
2832595,,,,,,,,,
2841391,,,,,,,,,
2830911,,,,,,,,,
2836452,,,,,,,,,
2835350,,,,,,,,,
2841282,,,,,,,,,
2831152,,,,,,,,,
2846380,,,,,,,,,
2838245,,,,,,,,,
2834378,,,,,,,,,
2838937,,,,,,,,,
2838727,,,,,,,,,
2834869,,,,,,,,,
2839358,,,,,,,,,
2909439,,,,,,,,,
2835300,,,,,,,,,
2840140,,,,,,,,,
2838136,,,,,,,,,
2833026,,,,,,,,,
2848736,,,,,,,,,
2832956,,,,,,,,,
2835350,,,,,,,,,
2838346,,,,,,,,,
2832024,,,,,,,,,
2835761,,,,,,,,,
2829098,,,,,,,,,
2848265,,,,,,,,,
2834077,,,,,,,,,
2845329,,,,,,,,,
2835590,,,,,,,,,
2839878,,,,,,,,,
2835570,,,,,,,,,
2833026,,,,,,,,,
2833086,,,,,,,,,
2838045,,,,,,,,,
2835169,,,,,,,,,
2841972,,,,,,,,,
2839939,,,,,,,,,
2830532,,,,,,,,,
2825883,,,,,,,,,
2850408,,,,,,,,,
2830701,,,,,,,,,
2829098,,,,,,,,,
2840710,,,,,,,,,
2840219,,,,,,,,,
2829098,,,,,,,,,
2835510,,,,,,,,,
2834889,,,,,,,,,
2836252,,,,,,,,,
2835150,,,,,,,,,
2835891,,,,,,,,,
2839939,,,,,,,,,
2837054,,,,,,,,,
2837775,,,,,,,,,
2835661,,,,,,,,,
2835871,,,,,,,,,
2829098,,,,,,,,,
2833286,,,,,,,,,
2831162,,,,,,,,,
2832304,,,,,,,,,
2838245,,,,,,,,,
2844097,,,,,,,,,
2829780,,,,,,,,,
2841381,,,,,,,,,
2834700,,,,,,,,,
2837374,,,,,,,,,
2831954,,,,,,,,,
2846501,,,,,,,,,
2839528,,,,,,,,,
2835070,,,,,,,,,
2825883,,,,,,,,,
2840891,,,,,,,,,
2838636,,,,,,,,,
2833026,,,,,,,,,
2840930,,,,,,,,,
2841772,,,,,,,,,
2849026,,,,,,,,,
2854796,,,,,,,,,
2892918,,,,,,,,,
2852132,,,,,,,,,
2847202,,,,,,,,,
3588407,,,,,,,,,
3021580,,,,,,,,,
3153558,,,,,,,,,
4392718,,,,,,,,,
3916262,,,,,,,,,
2854897,,,,,,,,,
2850148,,,,,,,,,
2881156,,,,,,,,,
2883170,,,,,,,,,
2868493,,,,,,,,,
2849407,,,,,,,,,
2839859,,,,,,,,,
2834188,,,,,,,,,
2843205,,,,,,,,,
2850418,,,,,,,,,
2847964,,,,,,,,,
2831162,,,,,,,,,
2836393,,,,,,,,,
2834078,,,,,,,,,
2842314,,,,,,,,,
2836924,,,,,,,,,
2838205,,,,,,,,,
2842183,,,,,,,,,
2839107,,,,,,,,,
2841832,,,,,,,,,
2842965,,,,,,,,,
2834639,,,,,,,,,
2825952,,,,,,,,,
2846490,,,,,,,,,
2834799,,,,,,,,,
2829098,,,,,,,,,
2840069,,,,,,,,,
2835781,,,,,,,,,
2830480,,,,,,,,,
2835270,,,,,,,,,
2833778,,,,,,,,,
2843225,,,,,,,,,
2842163,,,,,,,,,
2835821,,,,,,,,,
2845649,,,,,,,,,
2826934,,,,,,,,,
2835641,,,,,,,,,
2838396,,,,,,,,,
2844337,,,,,,,,,
2829258,,,,,,,,,
2847302,,,,,,,,,
2835761,,,,,,,,,
2832053,,,,,,,,,
2838316,,,,,,,,,
2843966,,,,,,,,,
2841542,,,,,,,,,
2830511,,,,,,,,,
2834829,,,,,,,,,
2841952,,,,,,,,,
2831934,,,,,,,,,
2848926,,,,,,,,,
2835831,,,,,,,,,
2828697,,,,,,,,,
2825882,,,,,,,,,
2834809,,,,,,,,,
2836041,,,,,,,,,
2830901,,,,,,,,,
2837474,,,,,,,,,
2841312,,,,,,,,,
2836402,,,,,,,,,
2847884,,,,,,,,,
2847193,,,,,,,,,
2844567,,,,,,,,,
2829148,,,,,,,,,
2833807,,,,,,,,,
2835220,,,,,,,,,
2845278,,,,,,,,,
2848795,,,,,,,,,
2834628,,,,,,,,,
2833687,,,,,,,,,
2832004,,,,,,,,,
2839448,,,,,,,,,
2954845,,,,,,,,,
2905272,,,,,,,,,
2890484,,,,,,,,,
2908748,,,,,,,,,
2887558,,,,,,,,,
2894702,,,,,,,,,
2939396,,,,,,,,,
3942431,,,,,,,,,
3830260,,,,,,,,,
2901174,,,,,,,,,
2944986,,,,,,,,,
2939135,,,,,,,,,
2949995,,,,,,,,,
2952019,,,,,,,,,
2893710,,,,,,,,,
2892027,,,,,,,,,
2896214,,,,,,,,,
2898158,,,,,,,,,
2884563,,,,,,,,,
2891596,,,,,,,,,
2882469,,,,,,,,,
2874734,,,,,,,,,
2825882,,,,,,,,,
2850989,,,,,,,,,
2833016,,,,,,,,,
2833025,,,,,,,,,
2830901,,,,,,,,,
2835710,,,,,,,,,
2829098,,,,,,,,,
2841281,,,,,,,,,
2841492,,,,,,,,,
2839077,,,,,,,,,
2835170,,,,,,,,,
2840139,,,,,,,,,
2839237,,,,,,,,,
2833026,,,,,,,,,
2834970,,,,,,,,,
2834027,,,,,,,,,
2832364,,,,,,,,,
2825882,,,,,,,,,
2841291,,,,,,,,,
2839568,,,,,,,,,
2833016,,,,,,,,,
2848275,,,,,,,,,
2834188,,,,,,,,,
2832574,,,,,,,,,
2829099,,,,,,,,,
2838977,,,,,,,,,
2840771,,,,,,,,,
2833035,,,,,,,,,
2848374,,,,,,,,,
2842574,,,,,,,,,
2831954,,,,,,,,,
2834198,,,,,,,,,
2837384,,,,,,,,,
2840209,,,,,,,,,
2838536,,,,,,,,,
2841602,,,,,,,,,
2851571,,,,,,,,,
2838326,,,,,,,,,
2832615,,,,,,,,,
2846651,,,,,,,,,
2833346,,,,,,,,,
2841401,,,,,,,,,
2840990,,,,,,,,,
2841922,,,,,,,,,
2829098,,,,,,,,,
2835340,,,,,,,,,
2835600,,,,,,,,,
2834178,,,,,,,,,
2844066,,,,,,,,,
2837985,,,,,,,,,
2838586,,,,,,,,,
2835140,,,,,,,,,
2945878,,,,,,,,,
2839989,,,,,,,,,
2836012,,,,,,,,,
2829099,,,,,,,,,
2841402,,,,,,,,,
2839739,,,,,,,,,
2829099,,,,,,,,,
2834469,,,,,,,,,
2831844,,,,,,,,,
2832565,,,,,,,,,
2829098,,,,,,,,,
2833827,,,,,,,,,
2858614,,,,,,,,,
2838376,,,,,,,,,
2836622,,,,,,,,,
2834829,,,,,,,,,
2851801,,,,,,,,,
2886236,,,,,,,,,
2882659,,,,,,,,,
2877799,,,,,,,,,
2847423,,,,,,,,,
2886526,,,,,,,,,
2862761,,,,,,,,,
2890003,,,,,,,,,
2840930,,,,,,,,,
2847122,,,,,,,,,
2940689,,,,,,,,,
2825892,,,,,,,,,
2847914,,,,,,,,,
2835009,,,,,,,,,
2836782,,,,,,,,,
2844588,,,,,,,,,
2832565,,,,,,,,,
2843105,,,,,,,,,
2856499,,,,,,,,,
2843185,,,,,,,,,
2841492,,,,,,,,,
2838226,,,,,,,,,
2840560,,,,,,,,,
2863553,,,,,,,,,
2839868,,,,,,,,,
2832314,,,,,,,,,
2836382,,,,,,,,,
2836041,,,,,,,,,
2836533,,,,,,,,,
2831603,,,,,,,,,
2831823,,,,,,,,,
2855057,,,,,,,,,
2831252,,,,,,,,,
2832024,,,,,,,,,
2835510,,,,,,,,,
2829088,,,,,,,,,
2848224,,,,,,,,,
2836422,,,,,,,,,
2842614,,,,,,,,,
2838416,,,,,,,,,
2832955,,,,,,,,,
2840880,,,,,,,,,
2835310,,,,,,,,,
2841723,,,,,,,,,
2844868,,,,,,,,,
2840019,,,,,,,,,
2829099,,,,,,,,,
2841773,,,,,,,,,
2842003,,,,,,,,,
2839227,,,,,,,,,
2835581,,,,,,,,,
2840721,,,,,,,,,
2832555,,,,,,,,,
2841381,,,,,,,,,
2834599,,,,,,,,,
2839027,,,,,,,,,
2829088,,,,,,,,,
2839207,,,,,,,,,
2837485,,,,,,,,,
2838396,,,,,,,,,
2835630,,,,,,,,,
2836963,,,,,,,,,
2840830,,,,,,,,,
2832304,,,,,,,,,
2842844,,,,,,,,,
2837243,,,,,,,,,
2825892,,,,,,,,,
2842724,,,,,,,,,
2832485,,,,,,,,,
2838576,,,,,,,,,
2825883,,,,,,,,,
2835049,,,,,,,,,
2835029,,,,,,,,,
2845289,,,,,,,,,
2846842,,,,,,,,,
2831503,,,,,,,,,
2835220,,,,,,,,,
2829098,,,,,,,,,
2836051,,,,,,,,,
2841972,,,,,,,,,
2832424,,,,,,,,,
2840851,,,,,,,,,
2986585,,,,,,,,,
2841682,,,,,,,,,
2833026,,,,,,,,,
2849327,,,,,,,,,
2832766,,,,,,,,,
2829099,,,,,,,,,
2841402,,,,,,,,,
2837835,,,,,,,,,
2829830,,,,,,,,,
2846822,,,,,,,,,
2847513,,,,,,,,,
2843125,,,,,,,,,
2840430,,,,,,,,,
2835821,,,,,,,,,
2839558,,,,,,,,,
2835170,,,,,,,,,
2847773,,,,,,,,,
2833988,,,,,,,,,
2839528,,,,,,,,,
2831973,,,,,,,,,
2847333,,,,,,,,,
2834007,,,,,,,,,
2833026,,,,,,,,,
2835450,,,,,,,,,
2841421,,,,,,,,,
2839147,,,,,,,,,
2838256,,,,,,,,,
2843165,,,,,,,,,
2839077,,,,,,,,,
2829098,,,,,,,,,
2833396,,,,,,,,,
2841922,,,,,,,,,
2838056,,,,,,,,,
2839859,,,,,,,,,
2840640,,,,,,,,,
2839157,,,,,,,,,
2835730,,,,,,,,,
2835571,,,,,,,,,
2842073,,,,,,,,,
2838315,,,,,,,,,
2833016,,,,,,,,,
2840159,,,,,,,,,
2841953,,,,,,,,,
2825892,,,,,,,,,
2850038,,,,,,,,,
2866318,,,,,,,,,
2835240,,,,,,,,,
2850449,,,,,,,,,
2836121,,,,,,,,,
2829860,,,,,,,,,
2839278,,,,,,,,,
2834008,,,,,,,,,
2843154,,,,,,,,,
2825883,,,,,,,,,
2831363,,,,,,,,,
2834659,,,,,,,,,
2837494,,,,,,,,,
2834318,,,,,,,,,
2835911,,,,,,,,,
2839749,,,,,,,,,
2838376,,,,,,,,,
2841362,,,,,,,,,
2852332,,,,,,,,,
2838376,,,,,,,,,
2832886,,,,,,,,,
2846441,,,,,,,,,
2838226,,,,,,,,,
2841231,,,,,,,,,
2840951,,,,,,,,,
2842714,,,,,,,,,
2829850,,,,,,,,,
2829088,,,,,,,,,
2835400,,,,,,,,,
2847844,,,,,,,,,
2836302,,,,,,,,,
2834709,,,,,,,,,
2834999,,,,,,,,,
